﻿<?xml version="1.0" encoding="utf-8"?>
<Defs>
	<TraderKindDef>
		<defName>RTN_TraderKind_Goddess</defName>
		<label>Goddess goods trader</label>
    <commonality>1</commonality>
		<stockGenerators>
			<li Class="StockGenerator_SingleDef">
				<thingDef>Silver</thingDef>
				<countRange>750~1200</countRange>
			</li>
			<li Class="StockGenerator_SingleDef">
				<thingDef>ComponentIndustrial</thingDef>
				<countRange>6~20</countRange>
			</li>
      <li Class="StockGenerator_SingleDef">
        <thingDef>ComponentSpacer</thingDef>
        <countRange>1~4</countRange>
      </li>
			<li Class="StockGenerator_SingleDef">
				<thingDef>Plasteel</thingDef>
				<countRange>50~150</countRange>
			</li>
			<li Class="StockGenerator_SingleDef">
				<thingDef>RTN_Thing_FaithCrystal</thingDef>
				<countRange>1~3</countRange>
			</li>
      <li Class="StockGenerator_SingleDef">
				<thingDef>Hyperweave</thingDef>
				<countRange>50~200</countRange>
			</li>
      <li Class="StockGenerator_SingleDef">
				<thingDef>Synthread</thingDef>
				<countRange>100~250</countRange>
			</li>
			<li Class="StockGenerator_BuyExpensiveSimple" />
		</stockGenerators>
	</TraderKindDef>

</Defs>
