﻿<?xml version="1.0" encoding="utf-8" ?>
<Defs>
  <FactionDef Name="RTN_FactionDefBase_Goddess" Abstract="True">
    <goodwillDailyGain>0.20</goodwillDailyGain>
    <goodwillDailyFall>0.20</goodwillDailyFall>
    <pawnSingular>citizen</pawnSingular>
    <pawnsPlural>citizens</pawnsPlural>
    <leaderTitle>high priest</leaderTitle>
    <listOrderPriority>100</listOrderPriority>
    <settlementGenerationWeight>1</settlementGenerationWeight>
    <requiredCountAtGameStart>1</requiredCountAtGameStart>
    <canMakeRandomly>true</canMakeRandomly>
    <canSiege>true</canSiege>
    <canStageAttacks>true</canStageAttacks>
    <factionIconPath>World/Goddess_Town</factionIconPath>
		<factionNameMaker>RTN_RulePackDef_NamerFactionGoddess</factionNameMaker>
		<settlementNameMaker>NamerSettlementOutlander</settlementNameMaker>
		<techLevel>Ultra</techLevel>
		<backstoryFilters>
      <li>
        <categories>
          <li>Outlander</li>
        </categories>
        <commonality>0.95</commonality>
      </li>
      <li>
        <categories>
          <li>Offworld</li>
        </categories>
        <commonality>0.05</commonality>
      </li>
    </backstoryFilters>
		<geneticVariance>0.8</geneticVariance>
		<hairTags>
			<li>Rural</li>
		</hairTags>
    <caravanTraderKinds>
      <li>Caravan_Outlander_BulkGoods</li>
      <li>Caravan_Outlander_Exotic</li>
      <li>RTN_TraderKind_Goddess</li>
    </caravanTraderKinds>
    <baseTraderKinds>
      <li>RTN_TraderKind_GoddessBase</li>
    </baseTraderKinds>
    <allowedArrivalTemperatureRange>
      <min>-40</min>
      <max>45</max>
    </allowedArrivalTemperatureRange>
    <maxPawnCostPerTotalPointsCurve>
      <points>
        <li>(0,35)</li>
        <li>(70, 50)</li>
        <li>(700, 100)</li>
        <li>(1300, 150)</li>
        <li>(100000, 10000)</li>
      </points>
    </maxPawnCostPerTotalPointsCurve>
    <pawnGroupMakers>
      <li>
        <!-- Normal fights, standard mix -->
        <kindDef>Combat</kindDef>
        <options>
					<Villager>5</Villager>
          <Town_Guard>10</Town_Guard>
          <Grenadier_Destructive>1.5</Grenadier_Destructive>
					<RTN_PawnKind_CulitistFighter>7</RTN_PawnKind_CulitistFighter>
					<RTN_PawnKind_CultistGunner>10</RTN_PawnKind_CultistGunner>
					<RTN_PawnKind_AngelicGuard>10</RTN_PawnKind_AngelicGuard>
          <Town_Councilman>10</Town_Councilman>
        </options>
      </li>
      <li>
        <kindDef>Peaceful</kindDef>
        <options>
          <Villager>20</Villager>
          <Town_Guard>10</Town_Guard>
          <Town_Councilman>10</Town_Councilman>
        </options>
      </li>
      <li>
        <kindDef>Trader</kindDef>
        <traders>
          <Town_Trader>1</Town_Trader>
        </traders>
        <carriers>
          <Muffalo>6</Muffalo>
          <Dromedary>5</Dromedary>
          <Alpaca>2</Alpaca>
          <Elephant>1</Elephant>
        </carriers>
        <guards>
          <Villager>3</Villager>
          <Town_Guard>10</Town_Guard>
          <Grenadier_Destructive>1.5</Grenadier_Destructive>
          <RTN_PawnKind_CulitistFighter>7</RTN_PawnKind_CulitistFighter>
          <RTN_PawnKind_CultistGunner>10</RTN_PawnKind_CultistGunner>
				</guards>
      </li>
      <li>
        <kindDef>Settlement</kindDef>
        <options>
					<Villager>10</Villager>
          <Town_Guard>10</Town_Guard>
          <Grenadier_Destructive>1.5</Grenadier_Destructive>
					<RTN_PawnKind_CulitistFighter>7</RTN_PawnKind_CulitistFighter>
          <RTN_PawnKind_CultistGunner>10</RTN_PawnKind_CultistGunner>
          <RTN_PawnKind_AngelicGuard>10</RTN_PawnKind_AngelicGuard>
          <RTN_PawnKind_HighAngelicGuard>5</RTN_PawnKind_HighAngelicGuard>
          <Town_Councilman>10</Town_Councilman>
        </options>
      </li>
    </pawnGroupMakers>
    <settlementTexturePath>World/WorldObjects/DefaultSettlement</settlementTexturePath>
  </FactionDef>

  <FactionDef ParentName="RTN_FactionDefBase_Goddess">
    <defName>RTN_FactionDef_Goddess</defName>
    <label>Goddess followers</label>
    <description>A group of refugees fleeing from a long passed crisis. They are a rabble of people united under a single banner brought together by the will to survive. Their strong will caused an event never before seen that spawned a Goddess. This Goddess quickly took leadership of the group and rallied more under their banner, giving them a large voice in the galaxy. The event of a Goddess appearing caused the old rulers to view them with a strong distrust.
    
They have come to this planet to bring more under the banner of the Goddess. Then hold any that would listen to the one true Goddess as friends and those that do not will be crushed.</description>
    <colorSpectrum>
      <li>(0.35, 0.30, 0.60)</li>
      <li>(0.45, 0.40, 0.90)</li>
    </colorSpectrum>
    <startingGoodwill>
      <min>0</min>
      <max>0</max>
    </startingGoodwill>
  </FactionDef>
</Defs>