﻿<?xml version="1.0" encoding="utf-8" ?>
<Defs>
  <RulePackDef>
    <defName>RTN_RulePackDef_NamerFactionGoddess</defName>
    <include>
      <li>OutlanderPlaceNameUtility</li>
    </include>
    <rulePack>
      <rulesFiles>
        <li>celestial_cpu->Names/Celestial</li>
        <li>place_endings->WordParts/PlaceEndings</li>
      </rulesFiles>
      <rulesStrings>
        <li>r_name(p=3)->[nearnameinitial]</li>
        <li>r_name->[celestial_cpu][place_endings]</li>
      </rulesStrings>
    </rulePack>
  </RulePackDef>
</Defs>
